file,original_column,english_column
card_residence_agg_202507_202512.parquet,TA_YMD,payment_date
card_residence_agg_202507_202512.parquet,MCT_SGG_CD,merchant_region
card_residence_agg_202507_202512.parquet,MCT_RY_CD,merchant_industry
card_residence_agg_202507_202512.parquet,CLN_SGG_CD,customer_residence_region
card_residence_agg_202507_202512.parquet,TS_AT,total_payment_amount
card_residence_agg_202507_202512.parquet,USE_CNT,payment_count
card_residence_daily_industry_no_tax_202507_202512.parquet,TA_YMD,payment_date
card_residence_daily_industry_no_tax_202507_202512.parquet,MCT_SGG_CD,merchant_region
card_residence_daily_industry_no_tax_202507_202512.parquet,MCT_RY_CD,merchant_industry
card_residence_daily_industry_no_tax_202507_202512.parquet,TS_AT,total_payment_amount
card_residence_daily_industry_no_tax_202507_202512.parquet,USE_CNT,payment_count
card_residence_daily_region_no_tax_202507_202512.parquet,TA_YMD,payment_date
card_residence_daily_region_no_tax_202507_202512.parquet,MCT_SGG_CD,merchant_region
card_residence_daily_region_no_tax_202507_202512.parquet,TS_AT,total_payment_amount
card_residence_daily_region_no_tax_202507_202512.parquet,USE_CNT,payment_count
card_residence_daily_region_no_tax_no_zz_202507_202512.parquet,TA_YMD,payment_date
card_residence_daily_region_no_tax_no_zz_202507_202512.parquet,MCT_SGG_CD,merchant_region
card_residence_daily_region_no_tax_no_zz_202507_202512.parquet,TS_AT,total_payment_amount
card_residence_daily_region_no_tax_no_zz_202507_202512.parquet,USE_CNT,payment_count
card_residence_validated_202507_202512.parquet,TA_YMD,payment_date
card_residence_validated_202507_202512.parquet,MCT_SGG_CD,merchant_region
card_residence_validated_202507_202512.parquet,MCT_RY_CD,merchant_industry
card_residence_validated_202507_202512.parquet,CLN_SGG_CD,customer_residence_region
card_residence_validated_202507_202512.parquet,SEX_CCD,customer_gender
card_residence_validated_202507_202512.parquet,AGE_CCD,customer_age_group
card_residence_validated_202507_202512.parquet,TS_AT,total_payment_amount
card_residence_validated_202507_202512.parquet,USE_CNT,payment_count
card_timeband_agg_202507_202512.parquet,TA_YMD,payment_date
card_timeband_agg_202507_202512.parquet,MCT_SGG_CD,merchant_region
card_timeband_agg_202507_202512.parquet,MCT_RY_CD,merchant_industry
card_timeband_agg_202507_202512.parquet,TIME_GB,time_band_6h
card_timeband_agg_202507_202512.parquet,TS_AT,total_payment_amount
card_timeband_agg_202507_202512.parquet,USE_CNT,payment_count
card_timeband_daily_industry_noncorp_no_tax_202507_202512.parquet,TA_YMD,payment_date
card_timeband_daily_industry_noncorp_no_tax_202507_202512.parquet,MCT_SGG_CD,merchant_region
card_timeband_daily_industry_noncorp_no_tax_202507_202512.parquet,MCT_RY_CD,merchant_industry
card_timeband_daily_industry_noncorp_no_tax_202507_202512.parquet,TS_AT,total_payment_amount
card_timeband_daily_industry_noncorp_no_tax_202507_202512.parquet,USE_CNT,payment_count
card_timeband_noncorp_no_tax_202507_202512.parquet,TA_YMD,payment_date
card_timeband_noncorp_no_tax_202507_202512.parquet,MCT_SGG_CD,merchant_region
card_timeband_noncorp_no_tax_202507_202512.parquet,MCT_RY_CD,merchant_industry
card_timeband_noncorp_no_tax_202507_202512.parquet,TIME_GB,time_band_6h
card_timeband_noncorp_no_tax_202507_202512.parquet,TS_AT,total_payment_amount
card_timeband_noncorp_no_tax_202507_202512.parquet,USE_CNT,payment_count
flow_age_region_monthly_prefix_candidate_202507_202512.parquet,STD_YM,year_month
flow_age_region_monthly_prefix_candidate_202507_202512.parquet,REGION_CANDIDATE,candidate_region
flow_age_region_monthly_prefix_candidate_202507_202512.parquet,MAN_FLOW_POP_CNT_10G,male_10s_avg_daily_flow_population
flow_age_region_monthly_prefix_candidate_202507_202512.parquet,MAN_FLOW_POP_CNT_20G,male_20s_avg_daily_flow_population
flow_age_region_monthly_prefix_candidate_202507_202512.parquet,MAN_FLOW_POP_CNT_30G,male_30s_avg_daily_flow_population
flow_age_region_monthly_prefix_candidate_202507_202512.parquet,MAN_FLOW_POP_CNT_40G,male_40s_avg_daily_flow_population
flow_age_region_monthly_prefix_candidate_202507_202512.parquet,MAN_FLOW_POP_CNT_50G,male_50s_avg_daily_flow_population
flow_age_region_monthly_prefix_candidate_202507_202512.parquet,MAN_FLOW_POP_CNT_60GU,male_60_plus_avg_daily_flow_population
flow_age_region_monthly_prefix_candidate_202507_202512.parquet,WMAN_FLOW_POP_CNT_10G,female_10s_avg_daily_flow_population
flow_age_region_monthly_prefix_candidate_202507_202512.parquet,WMAN_FLOW_POP_CNT_20G,female_20s_avg_daily_flow_population
flow_age_region_monthly_prefix_candidate_202507_202512.parquet,WMAN_FLOW_POP_CNT_30G,female_30s_avg_daily_flow_population
flow_age_region_monthly_prefix_candidate_202507_202512.parquet,WMAN_FLOW_POP_CNT_40G,female_40s_avg_daily_flow_population
flow_age_region_monthly_prefix_candidate_202507_202512.parquet,WMAN_FLOW_POP_CNT_50G,female_50s_avg_daily_flow_population
flow_age_region_monthly_prefix_candidate_202507_202512.parquet,WMAN_FLOW_POP_CNT_60GU,female_60_plus_avg_daily_flow_population
flow_age_region_monthly_prefix_candidate_202507_202512.parquet,AGE_SOURCE_TOTAL,age_source_total_avg_daily_flow_population
flow_age_region_monthly_prefix_candidate_202507_202512.parquet,MAPPING_STATUS,region_mapping_status
flow_age_region_monthly_prefix_candidate_202507_202512.parquet,OCT_GRID_DISCREPANCY,october_grid_discrepancy_flag
flow_age_validated_202507_202512.parquet,raw_id,raw_record_id
flow_age_validated_202507_202512.parquet,STD_YM,year_month
flow_age_validated_202507_202512.parquet,BLOCK_CD,small_area_code
flow_age_validated_202507_202512.parquet,X_COORD,utmk_x
flow_age_validated_202507_202512.parquet,Y_COORD,utmk_y
flow_age_validated_202507_202512.parquet,MAN_FLOW_POP_CNT_10G,male_10s_avg_daily_flow_population
flow_age_validated_202507_202512.parquet,MAN_FLOW_POP_CNT_20G,male_20s_avg_daily_flow_population
flow_age_validated_202507_202512.parquet,MAN_FLOW_POP_CNT_30G,male_30s_avg_daily_flow_population
flow_age_validated_202507_202512.parquet,MAN_FLOW_POP_CNT_40G,male_40s_avg_daily_flow_population
flow_age_validated_202507_202512.parquet,MAN_FLOW_POP_CNT_50G,male_50s_avg_daily_flow_population
flow_age_validated_202507_202512.parquet,MAN_FLOW_POP_CNT_60GU,male_60_plus_avg_daily_flow_population
flow_age_validated_202507_202512.parquet,WMAN_FLOW_POP_CNT_10G,female_10s_avg_daily_flow_population
flow_age_validated_202507_202512.parquet,WMAN_FLOW_POP_CNT_20G,female_20s_avg_daily_flow_population
flow_age_validated_202507_202512.parquet,WMAN_FLOW_POP_CNT_30G,female_30s_avg_daily_flow_population
flow_age_validated_202507_202512.parquet,WMAN_FLOW_POP_CNT_40G,female_40s_avg_daily_flow_population
flow_age_validated_202507_202512.parquet,WMAN_FLOW_POP_CNT_50G,female_50s_avg_daily_flow_population
flow_age_validated_202507_202512.parquet,WMAN_FLOW_POP_CNT_60GU,female_60_plus_avg_daily_flow_population
flow_age_validated_202507_202512.parquet,source_file,source_file
flow_age_validated_202507_202512.parquet,source_row_num,source_row_number
flow_age_validated_202507_202512.parquet,raw_loaded_at,raw_loaded_at
flow_age_validated_202507_202512.parquet,stg_loaded_at,staging_loaded_at
flow_daily_avg_from_wkdy_202507_202512.parquet,STD_YM,year_month
flow_daily_avg_from_wkdy_202507_202512.parquet,BLOCK_CD,small_area_code
flow_daily_avg_from_wkdy_202507_202512.parquet,X_COORD,utmk_x
flow_daily_avg_from_wkdy_202507_202512.parquet,Y_COORD,utmk_y
flow_daily_avg_from_wkdy_202507_202512.parquet,FLOW_POP_DAILY_AVG,avg_daily_flow_population
flow_region_monthly_prefix_candidate_202507_202512.parquet,STD_YM,year_month
flow_region_monthly_prefix_candidate_202507_202512.parquet,REGION_CANDIDATE,candidate_region
flow_region_monthly_prefix_candidate_202507_202512.parquet,FLOW_POP_DAILY_AVG,avg_daily_flow_population
flow_region_monthly_prefix_candidate_202507_202512.parquet,GRID_ROWS,grid_row_count
flow_region_monthly_prefix_candidate_202507_202512.parquet,MAPPING_STATUS,region_mapping_status
flow_time_clean_202507_202512.parquet,raw_id,raw_record_id
flow_time_clean_202507_202512.parquet,STD_YM,year_month
flow_time_clean_202507_202512.parquet,BLOCK_CD,small_area_code
flow_time_clean_202507_202512.parquet,X_COORD,utmk_x
flow_time_clean_202507_202512.parquet,Y_COORD,utmk_y
flow_time_clean_202507_202512.parquet,TMST_00,hour_00_avg_daily_flow_population
flow_time_clean_202507_202512.parquet,TMST_01,hour_01_avg_daily_flow_population
flow_time_clean_202507_202512.parquet,TMST_02,hour_02_avg_daily_flow_population
flow_time_clean_202507_202512.parquet,TMST_03,hour_03_avg_daily_flow_population
flow_time_clean_202507_202512.parquet,TMST_04,hour_04_avg_daily_flow_population
flow_time_clean_202507_202512.parquet,TMST_05,hour_05_avg_daily_flow_population
flow_time_clean_202507_202512.parquet,TMST_06,hour_06_avg_daily_flow_population
flow_time_clean_202507_202512.parquet,TMST_07,hour_07_avg_daily_flow_population
flow_time_clean_202507_202512.parquet,TMST_08,hour_08_avg_daily_flow_population
flow_time_clean_202507_202512.parquet,TMST_09,hour_09_avg_daily_flow_population
flow_time_clean_202507_202512.parquet,TMST_10,hour_10_avg_daily_flow_population
flow_time_clean_202507_202512.parquet,TMST_11,hour_11_avg_daily_flow_population
flow_time_clean_202507_202512.parquet,TMST_12,hour_12_avg_daily_flow_population
flow_time_clean_202507_202512.parquet,TMST_13,hour_13_avg_daily_flow_population
flow_time_clean_202507_202512.parquet,TMST_14,hour_14_avg_daily_flow_population
flow_time_clean_202507_202512.parquet,TMST_15,hour_15_avg_daily_flow_population
flow_time_clean_202507_202512.parquet,TMST_16,hour_16_avg_daily_flow_population
flow_time_clean_202507_202512.parquet,TMST_17,hour_17_avg_daily_flow_population
flow_time_clean_202507_202512.parquet,TMST_18,hour_18_avg_daily_flow_population
flow_time_clean_202507_202512.parquet,TMST_19,hour_19_avg_daily_flow_population
flow_time_clean_202507_202512.parquet,TMST_20,hour_20_avg_daily_flow_population
flow_time_clean_202507_202512.parquet,TMST_21,hour_21_avg_daily_flow_population
flow_time_clean_202507_202512.parquet,TMST_22,hour_22_avg_daily_flow_population
flow_time_clean_202507_202512.parquet,TMST_23,hour_23_avg_daily_flow_population
flow_time_clean_202507_202512.parquet,source_file,source_file
flow_time_clean_202507_202512.parquet,source_row_num,source_row_number
flow_time_clean_202507_202512.parquet,raw_loaded_at,raw_loaded_at
flow_time_clean_202507_202512.parquet,stg_loaded_at,staging_loaded_at
flow_timeband_region_monthly_prefix_candidate_202507_202512.parquet,STD_YM,year_month
flow_timeband_region_monthly_prefix_candidate_202507_202512.parquet,REGION_CANDIDATE,candidate_region
flow_timeband_region_monthly_prefix_candidate_202507_202512.parquet,TIME_GB,time_band_6h
flow_timeband_region_monthly_prefix_candidate_202507_202512.parquet,FLOW_POP_TIMEBAND_DAILY_AVG,time_band_avg_daily_flow_population
flow_timeband_region_monthly_prefix_candidate_202507_202512.parquet,MAPPING_STATUS,region_mapping_status
flow_weekday_region_monthly_prefix_candidate_202507_202512.parquet,STD_YM,year_month
flow_weekday_region_monthly_prefix_candidate_202507_202512.parquet,REGION_CANDIDATE,candidate_region
flow_weekday_region_monthly_prefix_candidate_202507_202512.parquet,SOURCE_WEEKDAY_COL,source_weekday_column
flow_weekday_region_monthly_prefix_candidate_202507_202512.parquet,FLOW_POP_WEEKDAY_DAILY_AVG,weekday_avg_daily_flow_population
flow_weekday_region_monthly_prefix_candidate_202507_202512.parquet,WEEKDAY_NUM,weekday_number
flow_weekday_region_monthly_prefix_candidate_202507_202512.parquet,MAPPING_STATUS,region_mapping_status
flow_wkdy_clean_202507_202512.parquet,raw_id,raw_record_id
flow_wkdy_clean_202507_202512.parquet,STD_YM,year_month
flow_wkdy_clean_202507_202512.parquet,BLOCK_CD,small_area_code
flow_wkdy_clean_202507_202512.parquet,X_COORD,utmk_x
flow_wkdy_clean_202507_202512.parquet,Y_COORD,utmk_y
flow_wkdy_clean_202507_202512.parquet,FLOW_POP_CNT_MON,monday_avg_daily_flow_population
flow_wkdy_clean_202507_202512.parquet,FLOW_POP_CNT_TUS,tuesday_avg_daily_flow_population
flow_wkdy_clean_202507_202512.parquet,FLOW_POP_CNT_WED,wednesday_avg_daily_flow_population
flow_wkdy_clean_202507_202512.parquet,FLOW_POP_CNT_THU,thursday_avg_daily_flow_population
flow_wkdy_clean_202507_202512.parquet,FLOW_POP_CNT_FRI,friday_avg_daily_flow_population
flow_wkdy_clean_202507_202512.parquet,FLOW_POP_CNT_SAT,saturday_avg_daily_flow_population
flow_wkdy_clean_202507_202512.parquet,FLOW_POP_CNT_SUN,sunday_avg_daily_flow_population
flow_wkdy_clean_202507_202512.parquet,source_file,source_file
flow_wkdy_clean_202507_202512.parquet,source_row_num,source_row_number
flow_wkdy_clean_202507_202512.parquet,raw_loaded_at,raw_loaded_at
flow_wkdy_clean_202507_202512.parquet,stg_loaded_at,staging_loaded_at
